[{ "id": "Preembules", "parent" : "#", "text": "Préembules", "a_attr": {"href": "Preembules.html"}  },{ "id": "Introdctions", "parent" : "#", "text": "Introdctions", "a_attr": {"href": "Introdctions.html"}  },{ "id": "SandFoxStudios", "parent" : "#", "text": "Sand Fox Studios", "a_attr": {"href": "SandFoxStudios.html"}  },{ "id": "TheCrews", "parent" : "#", "text": "The Crews", "a_attr": {"href": "TheCrews.html"}  },{ "id": "RewindEngine", "parent" : "#", "text": "Rewind Engine", "a_attr": {"href": "RewindEngine.html"}  },{ "id": "RewindEngineIntroduction", "parent" : "#", "text": "Rewind Engine - Introduction", "a_attr": {"href": "RewindEngineIntroduction.html"}  },{ "id": "Manuals", "parent" : "#", "text": "Manuals", "a_attr": {"href": "Manuals.html"}  },{ "id": "Preembule3", "parent" : "Manuals", "text": "Préembule", "a_attr": {"href": "Preembule3.html"}  },{ "id": "Introduction", "parent" : "Manuals", "text": "Introduction", "a_attr": {"href": "Introduction.html"}  },{ "id": "Presentation2", "parent" : "Manuals", "text": "Presentation", "a_attr": {"href": "Presentation2.html"}  },{ "id": "Manual", "parent" : "Manuals", "text": "Manual", "a_attr": {"href": "Manual.html"}  },{ "id": "WhatsNew", "parent" : "Manuals", "text": "What ' s New", "a_attr": {"href": "WhatsNew.html"}  },{ "id": "UpdatesUpdatesAboutOfTheManualsT", "parent" : "Manuals", "text": "Updates ( Updates About / Of The Manuals - The Manuals ' s Updates )", "a_attr": {"href": "UpdatesUpdatesAboutOfTheManualsT.html"}  },{ "id": "Systemerequirements1", "parent" : "Manuals", "text": "Systeme requirements", "a_attr": {"href": "Systemerequirements1.html"}  },{ "id": "OldsDocumentationsAndManualsAndD", "parent" : "Manuals", "text": "Old ' s Documentations And Manuals And Documentations ", "a_attr": {"href": "OldsDocumentationsAndManualsAndD.html"}  },{ "id": "Preembule", "parent" : "OldsDocumentationsAndManualsAndD", "text": "Préembule", "a_attr": {"href": "Preembule.html"}  },{ "id": "Presentation", "parent" : "OldsDocumentationsAndManualsAndD", "text": "Presentation", "a_attr": {"href": "Presentation.html"}  },{ "id": "Introduction1", "parent" : "OldsDocumentationsAndManualsAndD", "text": "Introduction", "a_attr": {"href": "Introduction1.html"}  },{ "id": "RequirementsAndPrerequisitiiyies", "parent" : "OldsDocumentationsAndManualsAndD", "text": "Requirements And Prerequisitiiyies And Requirements For The Manuals And For The Engines And For The Tutorials And For The Globals And Futures And Globals Addinges ", "a_attr": {"href": "RequirementsAndPrerequisitiiyies.html"}  },{ "id": "SettingUpTheGame", "parent" : "OldsDocumentationsAndManualsAndD", "text": "Setting Up The Game", "a_attr": {"href": "SettingUpTheGame.html"}  },{ "id": "CustomizingInputs", "parent" : "OldsDocumentationsAndManualsAndD", "text": "Customizing Inputs", "a_attr": {"href": "CustomizingInputs.html"}  },{ "id": "GameObjects", "parent" : "OldsDocumentationsAndManualsAndD", "text": "Game Objects ", "a_attr": {"href": "GameObjects.html"}  },{ "id": "Components1", "parent" : "OldsDocumentationsAndManualsAndD", "text": "Components", "a_attr": {"href": "Components1.html"}  },{ "id": "Nouveauchapitre", "parent" : "OldsDocumentationsAndManualsAndD", "text": "Nouveau chapitre", "a_attr": {"href": "Nouveauchapitre.html"}  },{ "id": "Systemerequirements", "parent" : "Manuals", "text": "Systeme requirements", "a_attr": {"href": "Systemerequirements.html"}  },{ "id": "Preembule1", "parent" : "Manuals", "text": "Préembule", "a_attr": {"href": "Preembule1.html"}  },{ "id": "Preembule2", "parent" : "Manuals", "text": "Préembule", "a_attr": {"href": "Preembule2.html"}  },{ "id": "Presentation1", "parent" : "Manuals", "text": "Presentation", "a_attr": {"href": "Presentation1.html"}  },{ "id": "Introduction2", "parent" : "Manuals", "text": "Introduction", "a_attr": {"href": "Introduction2.html"}  },{ "id": "Nouveauchapitre1", "parent" : "Manuals", "text": "Nouveau chapitre", "a_attr": {"href": "Nouveauchapitre1.html"}  },{ "id": "RequirementsAndPrerequisitiiyie1", "parent" : "Manuals", "text": "Requirements And Prerequisitiiyies And Requirements For The Manuals And For The Engines And For The Tutorials And For The Globals And Futures And Globals Addinges ", "a_attr": {"href": "RequirementsAndPrerequisitiiyie1.html"}  },{ "id": "SettingUpTheGame1", "parent" : "Manuals", "text": "Setting Up The Game", "a_attr": {"href": "SettingUpTheGame1.html"}  },{ "id": "CustomizingInputs1", "parent" : "Manuals", "text": "Customizing Inputs", "a_attr": {"href": "CustomizingInputs1.html"}  },{ "id": "GameObjects1", "parent" : "Manuals", "text": "Game Objects ", "a_attr": {"href": "GameObjects1.html"}  },{ "id": "Components2", "parent" : "Manuals", "text": "Components", "a_attr": {"href": "Components2.html"}  },{ "id": "CreatingAGame", "parent" : "Manuals", "text": "Creating A Game", "a_attr": {"href": "CreatingAGame.html"}  },{ "id": "Systemrequirements", "parent" : "CreatingAGame", "text": "System requirements", "a_attr": {"href": "Systemrequirements.html"}  },{ "id": "TheTemplateProject", "parent" : "CreatingAGame", "text": "The Template Project", "a_attr": {"href": "TheTemplateProject.html"}  },{ "id": "ClonningTheTemplateProject", "parent" : "CreatingAGame", "text": "Clonning The Template Project", "a_attr": {"href": "ClonningTheTemplateProject.html"}  },{ "id": "Examplecreatingagame", "parent" : "CreatingAGame", "text": "Example creating a game", "a_attr": {"href": "Examplecreatingagame.html"}  },{ "id": "TheEditorGUIInstructionsAndManua", "parent" : "#", "text": "The Editor GUI Instructions And Manuals And Codexes", "a_attr": {"href": "TheEditorGUIInstructionsAndManua.html"}  },{ "id": "Soon", "parent" : "TheEditorGUIInstructionsAndManua", "text": "Soon :)", "a_attr": {"href": "Soon.html"}  },{ "id": "ScriptingsAPIs", "parent" : "#", "text": "Scriptings APIs", "a_attr": {"href": "ScriptingsAPIs.html"}  },{ "id": "Exigencesdusysteme", "parent" : "ScriptingsAPIs", "text": "Exigences du système", "a_attr": {"href": "Exigencesdusysteme.html"}  },{ "id": "Obtenirdelaide", "parent" : "ScriptingsAPIs", "text": "Obtenir de l'aide", "a_attr": {"href": "Obtenirdelaide.html"}  },{ "id": "Tutorials", "parent" : "#", "text": "Tutorials", "a_attr": {"href": "Tutorials.html"}  },{ "id": "TemplatesGamesSetups", "parent" : "Tutorials", "text": "Templates Games Setups", "a_attr": {"href": "TemplatesGamesSetups.html"}  },{ "id": "ToDownloadsAssetsForTheTutorials", "parent" : "Tutorials", "text": "To Downloads : Assets For The Tutorials ANd Importantes Materials To Uses In The Nextes Stepes ", "a_attr": {"href": "ToDownloadsAssetsForTheTutorials.html"}  },{ "id": "Introductions", "parent" : "Tutorials", "text": "Introductions", "a_attr": {"href": "Introductions.html"}  },{ "id": "Instantiations", "parent" : "Tutorials", "text": "Instantiations", "a_attr": {"href": "Instantiations.html"}  },{ "id": "InputsAndMouvements", "parent" : "Tutorials", "text": "Inputs And Mouvements", "a_attr": {"href": "InputsAndMouvements.html"}  },{ "id": "Inputs", "parent" : "Tutorials", "text": "Inputs", "a_attr": {"href": "Inputs.html"}  },{ "id": "Mouvements", "parent" : "Tutorials", "text": "Mouvements", "a_attr": {"href": "Mouvements.html"}  },{ "id": "ComponentsCustoms", "parent" : "Tutorials", "text": "Components Customs", "a_attr": {"href": "ComponentsCustoms.html"}  },{ "id": "Components", "parent" : "Tutorials", "text": "Components", "a_attr": {"href": "Components.html"}  },{ "id": "ArcheTypes", "parent" : "Tutorials", "text": "ArcheTypes", "a_attr": {"href": "ArcheTypes.html"}  },{ "id": "ScenesTypesFilesTypes", "parent" : "Tutorials", "text": "Scenes Types Files Types", "a_attr": {"href": "ScenesTypesFilesTypes.html"}  },{ "id": "Animations", "parent" : "Tutorials", "text": "Animations", "a_attr": {"href": "Animations.html"}  },{ "id": "ScrollingsImages", "parent" : "Tutorials", "text": "Scrollings Images", "a_attr": {"href": "ScrollingsImages.html"}  },{ "id": "Sprites", "parent" : "Tutorials", "text": "Sprites", "a_attr": {"href": "Sprites.html"}  },{ "id": "MultipleTextures", "parent" : "Tutorials", "text": "Multiple Textures", "a_attr": {"href": "MultipleTextures.html"}  },{ "id": "SoundComponenets", "parent" : "Tutorials", "text": "Sound Componenets", "a_attr": {"href": "SoundComponenets.html"}  },{ "id": "TextComponenets", "parent" : "Tutorials", "text": "TextComponenets", "a_attr": {"href": "TextComponenets.html"}  },{ "id": "MetaDatas", "parent" : "Tutorials", "text": "MetaDatas", "a_attr": {"href": "MetaDatas.html"}  },{ "id": "Json", "parent" : "MetaDatas", "text": "Json", "a_attr": {"href": "Json.html"}  },{ "id": "FeedBacksAndContactMeD", "parent" : "#", "text": "FeedBacks And Contact Me :D ", "a_attr": {"href": "FeedBacksAndContactMeD.html"}  }]